City,Lat,Lng,Max Temp,Humidity,Cloudiness,Wind Speed,Country,Date
ushuaia,-54.8,-68.3,8.81,53,20,5.66,AR,1635380943
rikitea,-23.1203,-134.9692,23.64,74,34,1.51,PF,1635380891
yaan,7.3833,8.5667,23.73,89,97,2.65,NG,1635380944
port alfred,-33.5906,26.891,19.38,83,100,11.68,ZA,1635380944
batagay-alyta,67.8006,130.4114,-15.98,93,100,0.2,RU,1635380945
lebu,-37.6167,-73.65,11.69,88,26,5.88,CL,1635380753
raudeberg,61.9875,5.1352,12.33,91,92,4.47,NO,1635380945
new norfolk,-42.7826,147.0587,20.5,43,59,1.34,AU,1635380946
saint george,37.1041,-113.5841,20.35,33,1,0.45,US,1635380823
avarua,-21.2078,-159.775,24.03,69,75,4.63,CK,1635380907
castro,-24.7911,-50.0119,16.57,91,98,4.88,BR,1635380893
coquimbo,-29.9533,-71.3436,12.85,87,0,3.6,CL,1635380918
mahebourg,-20.4081,57.7,21.81,88,20,2.06,MU,1635380947
taltal,-25.4,-70.4833,17.62,70,23,1.57,CL,1635380947
kismayo,-0.3582,42.5454,25.62,82,5,5.38,SO,1635380948
fuling,29.7022,107.3919,15.77,86,97,0.12,CN,1635380948
pandharpur,17.6667,75.3333,20.71,61,75,3.37,IN,1635380949
pierre,44.3683,-100.351,11.59,76,1,3.13,US,1635380949
velingrad,42.0272,23.9957,1.48,77,0,1.18,BG,1635380949
carnarvon,-24.8667,113.6333,20.04,40,83,6.69,AU,1635380950
mataura,-46.1927,168.8643,21.14,47,7,1.82,NZ,1635380950
leningradskiy,69.3833,178.4167,-11.86,92,100,9.1,RU,1635380951
cherskiy,68.75,161.3,-24.58,94,9,2.35,RU,1635380951
sangmelima,2.9333,11.9833,19.05,99,100,0.94,CM,1635380951
hobart,-42.8794,147.3294,20.7,65,40,0.45,AU,1635380825
cape town,-33.9258,18.4232,17.27,86,40,0.45,ZA,1635380900
nguruka,-5.1092,31.0419,21.94,63,93,1.5,TZ,1635380952
ilulissat,69.2167,-51.1,-9.99,57,100,2.57,GL,1635380953
dikson,73.5069,80.5464,-15.17,97,50,2.32,RU,1635380725
lucapa,-8.4192,20.7447,18.54,95,95,1.48,AO,1635380953
padang,-0.9492,100.3543,23.03,75,93,1.7,ID,1635380954
beringovskiy,63.05,179.3167,-12.42,78,48,6.16,RU,1635380954
hilo,19.7297,-155.09,27.85,67,1,4.63,US,1635380955
sovetskiy,61.3614,63.5842,-1.37,97,100,3.45,RU,1635380955
maragogi,-9.0122,-35.2225,25.06,80,56,4.34,BR,1635380871
porbandar,21.6422,69.6093,26.2,52,5,3.69,IN,1635380956
ruwi,23.5996,58.5507,27.83,59,80,5.08,OM,1635380956
tiarei,-17.5333,-149.3333,28.01,76,10,4.49,PF,1635380957
thompson,55.7435,-97.8558,5.09,100,90,1.03,CA,1635380908
karratha,-20.7377,116.8463,26.17,27,4,4.48,AU,1635380957
jieshi,22.8134,115.8257,24.41,80,61,7.54,CN,1635380675
kaitangata,-46.2817,169.8464,16.81,68,12,3.54,NZ,1635380958
east london,-33.0153,27.9116,19.5,83,100,11.16,ZA,1635380705
uenohara,35.6167,139.1167,18.43,66,35,1.37,JP,1635380958
nhulunbuy,-12.2333,136.7667,31.34,58,20,4.63,AU,1635380717
yeppoon,-23.1333,150.7333,28.88,60,10,5.1,AU,1635380959
vao,-22.6667,167.4833,22.53,85,15,6.79,NC,1635380959
qaanaaq,77.484,-69.3632,-6.09,95,100,4.85,GL,1635380960
busselton,-33.65,115.3333,13.36,64,81,3.86,AU,1635380960
panchgani,17.9167,73.8167,14.14,71,38,2.24,IN,1635380961
vaini,-21.2,-175.2,26.09,83,20,5.66,TO,1635380903
albany,42.6001,-73.9662,11.0,73,100,2.49,US,1635380891
piranshahr,36.701,45.1413,5.18,71,89,1.08,IR,1635380961
nouakchott,18.0858,-15.9785,27.3,55,73,5.39,MR,1635380962
san patricio,28.017,-97.5169,27.13,25,0,7.79,US,1635380962
dzhebariki-khaya,62.2167,135.8,-1.87,96,100,2.66,RU,1635380963
punta arenas,-53.15,-70.9167,9.06,61,0,2.06,CL,1635380889
chicama,-7.8447,-79.1469,16.3,80,17,3.66,PE,1635380963
jos,9.9167,8.9,20.49,64,51,1.17,NG,1635380963
yulara,-25.2406,130.9889,29.91,9,73,5.14,AU,1635380964
kapaa,22.0752,-159.319,28.44,70,1,0.89,US,1635380896
erenhot,43.6475,111.9767,5.12,36,0,3.38,CN,1635380964
lima,-12.0432,-77.0282,19.94,74,0,8.23,PE,1635380633
la asuncion,11.0333,-63.8628,24.85,100,100,4.63,VE,1635380965
dutse,11.7594,9.3392,26.24,29,47,1.65,NG,1635380965
goias,-15.5807,-49.6362,22.81,83,66,2.37,BR,1635380966
buchanan,5.8808,-10.0467,25.68,87,99,2.92,LR,1635380966
manta,-0.95,-80.7333,23.88,83,90,4.12,EC,1635380833
kutum,14.2,24.6667,21.44,19,11,3.78,SD,1635380762
port lincoln,-34.7333,135.8667,16.17,84,69,8.37,AU,1635380967
butaritari,3.0707,172.7902,27.1,75,100,4.56,KI,1635380967
deputatskiy,69.3,139.9,-16.57,97,100,1.16,RU,1635380968
auki,-8.7676,160.7034,30.87,61,52,0.33,SB,1635380968
souillac,-20.5167,57.5167,21.87,88,20,2.06,MU,1635380940
el tigre,8.8875,-64.2454,22.84,93,98,4.81,VE,1635380969
barrow,71.2906,-156.7887,-5.99,79,90,2.06,US,1635380969
nome,64.5011,-165.4064,-3.96,58,1,1.54,US,1635380970
san cristobal,7.7669,-72.225,22.1,98,100,1.54,VE,1635380719
jamestown,42.097,-79.2353,8.8,92,1,0.89,US,1635380886
zabol,32.25,67.25,7.15,23,0,3.09,AF,1635380772
katsuura,35.1333,140.3,20.66,82,99,4.98,JP,1635380711
skibbereen,51.55,-9.2667,13.89,97,100,4.37,IE,1635380971
pinawa,50.1489,-95.8811,6.11,95,100,3.85,CA,1635380971
faanui,-16.4833,-151.75,26.36,80,22,4.9,PF,1635380972
preobrazheniye,42.9019,133.9064,8.02,69,61,3.99,RU,1635380972
bluff,-46.6,168.3333,14.7,71,6,4.29,NZ,1635380973
cidreira,-30.1811,-50.2056,19.98,88,0,5.21,BR,1635380973
san carlos,9.6612,-68.5827,22.25,95,100,0.76,VE,1635380683
pochutla,15.7432,-96.4661,28.79,83,49,2.5,MX,1635380974
ribeira grande,38.5167,-28.7,20.05,75,99,8.35,PT,1635380726
puerto ayora,-0.7393,-90.3518,20.31,93,70,1.34,EC,1635380895
basco,20.4487,121.9702,26.68,70,96,9.98,PH,1635380974
hualmay,-11.0964,-77.6139,18.31,80,19,4.04,PE,1635380975
linjiang,41.8069,126.9078,6.65,62,0,0.39,CN,1635380975
maniitsoq,65.4167,-52.9,-0.38,53,98,3.69,GL,1635380976
sambava,-14.2667,50.1667,21.48,91,16,1.87,MG,1635380976
lachhmangarh,27.8214,75.0251,19.9,45,0,1.49,IN,1635380976
bandrele,-12.9067,45.1914,24.86,88,0,3.09,YT,1635380977
mabaruma,8.2,-59.7833,23.4,95,79,1.42,GY,1635380977
arraial do cabo,-22.9661,-42.0278,22.49,90,100,6.98,BR,1635380741
port-gentil,-0.7193,8.7815,25.49,83,100,5.17,GA,1635380978
okhotsk,59.3833,143.3,-5.81,79,74,2.96,RU,1635380978
itarema,-2.9248,-39.9167,26.71,81,44,6.62,BR,1635380979
tuktoyaktuk,69.4541,-133.0374,-2.0,100,90,3.09,CA,1635380942
ahipara,-35.1667,173.1667,20.11,65,100,2.47,NZ,1635380979
clyde river,70.4692,-68.5914,-2.69,83,100,1.31,CA,1635380979
atuona,-9.8,-139.0333,25.42,70,4,6.63,PF,1635380908
san rafael,-34.6177,-68.3301,28.35,19,69,7.93,AR,1635380906
bambous virieux,-20.3428,57.7575,21.79,88,20,2.06,MU,1635380980
aleksandrov gay,50.147,48.5704,1.78,64,3,5.79,RU,1635380981
georgetown,5.4112,100.3354,27.16,90,20,0.45,MY,1635380687
saint-paul,-21.0096,55.2707,21.06,83,7,0.89,RE,1635380981
ndele,8.4109,20.6473,23.1,85,100,0.35,CF,1635380982
lumeje,-11.55,20.7833,19.16,83,38,2.08,AO,1635380982
davila,18.4726,120.5763,28.99,72,15,9.25,PH,1635380983
charagua,-19.8,-63.2167,23.64,38,0,2.55,BO,1635380983
codrington,-38.2667,141.9667,13.49,90,95,5.67,AU,1635380744
najran,17.4924,44.1277,17.36,27,2,0.41,SA,1635380853
thunder bay,48.4001,-89.3168,9.6,82,90,5.66,CA,1635380816
fare,-16.7,-151.0167,26.44,79,13,4.35,PF,1635380984
port keats,-14.25,129.55,32.15,56,12,2.35,AU,1635380984
touros,-5.1989,-35.4608,26.5,75,5,7.0,BR,1635380823
vung tau,10.346,107.0843,25.69,81,70,3.0,VN,1635380753
ambon,-3.6954,128.1814,30.08,74,40,1.54,ID,1635380788
conde,-7.2597,-34.9075,24.7,83,20,2.57,BR,1635380985
mogadishu,2.0371,45.3438,26.17,82,18,4.9,SO,1635380781
tadine,-21.55,167.8833,25.23,77,20,4.19,NC,1635380986
hermanus,-34.4187,19.2345,16.61,96,89,1.72,ZA,1635380717
quatre cocos,-20.2078,57.7625,21.72,69,4,3.5,MU,1635380986
pevek,69.7008,170.3133,-12.66,90,100,4.32,RU,1635380987
fairbanks,64.8378,-147.7164,-2.02,88,90,0.0,US,1635380893
haines junction,60.7522,-137.5108,-0.03,69,99,0.51,CA,1635380934
singkang,2.1006,102.7994,25.94,90,71,0.77,MY,1635380988
skjervoy,70.0311,20.9714,1.12,70,90,14.57,NO,1635380861
poum,-20.2333,164.0167,24.3,81,2,4.16,NC,1635380988
golden,39.7555,-105.2211,10.71,38,40,6.71,US,1635380711
broome,42.2506,-75.833,10.47,78,90,0.89,US,1635380989
sovetskaya gavan,48.9723,140.2878,6.36,82,100,5.94,RU,1635380989
fortuna,40.5982,-124.1573,19.4,65,1,0.45,US,1635380921
constitucion,-35.3333,-72.4167,12.73,84,19,5.28,CL,1635380990
tautira,-17.7333,-149.15,28.01,76,4,5.38,PF,1635380990
norman wells,65.282,-126.8329,-4.98,86,90,2.06,CA,1635380919
sao filipe,14.8961,-24.4956,26.13,76,95,4.65,CV,1635380991
la paz,-16.5,-68.15,8.99,61,20,4.12,BO,1635380893
aklavik,68.2191,-135.0107,-1.54,93,93,0.64,CA,1635380991
geraldton,-28.7667,114.6,17.23,59,91,5.66,AU,1635380992
panzhihua,26.5851,101.7128,16.86,89,59,0.83,CN,1635380992
khatanga,71.9667,102.5,-16.84,95,100,4.82,RU,1635380993
changtu,42.7788,124.0955,8.53,44,0,1.36,CN,1635380993
mackay,-21.15,149.2,31.49,51,36,5.14,AU,1635380993
santa cruz de la palma,28.6835,-17.7642,20.08,68,0,3.09,ES,1635380994
chokurdakh,70.6333,147.9167,-15.1,90,100,2.23,RU,1635380913
porto novo,6.4965,2.6036,27.9,88,40,2.02,BJ,1635380728
wairoa,-39.0333,177.3667,18.08,86,100,1.79,NZ,1635380995
faya,18.3851,42.4509,15.06,59,56,2.03,SA,1635380995
chkalovsk,56.7647,43.2433,5.77,85,98,7.33,RU,1635380995
portland,45.5234,-122.6762,13.59,91,90,0.89,US,1635380821
san andres,12.5847,-81.7006,29.01,79,20,2.06,CO,1635380996
hithadhoo,-0.6,73.0833,27.71,70,71,6.47,MV,1635380996
great yarmouth,52.6083,1.7305,13.86,87,81,8.56,GB,1635380997
tommot,58.9564,126.2925,2.18,78,100,3.6,RU,1635380997
luderitz,-26.6481,15.1594,17.43,68,100,3.03,NA,1635380998
gold coast,-28.0,153.4333,30.15,72,40,1.34,AU,1635380826
dali,25.7,100.1833,12.4,93,57,1.23,CN,1635380998
tskaltubo,42.3254,42.5979,5.52,81,0,3.09,GE,1635380999
turukhansk,65.8167,87.9833,-14.61,96,100,3.74,RU,1635380999
alice springs,-23.7,133.8833,32.75,31,0,8.23,AU,1635380896
cap-aux-meules,47.3821,-61.8597,9.03,66,75,9.77,CA,1635381000
chokwe,-24.5333,32.9833,18.93,91,53,2.62,MZ,1635381000
mitchell,43.7094,-98.0298,8.99,90,90,1.79,US,1635381001
acapulco,16.8634,-99.8901,27.9,83,40,2.57,MX,1635380890
te anau,-45.4167,167.7167,18.23,59,13,1.31,NZ,1635381002
tasiilaq,65.6145,-37.6368,0.09,70,18,3.01,GL,1635381003
sabang,5.8933,95.3214,27.08,78,69,3.14,ID,1635381003
irbeyskoye,55.6428,95.4522,-1.99,66,100,3.28,RU,1635381004
mar del plata,-38.0023,-57.5575,19.01,77,0,3.6,AR,1635380733
parati,-23.2178,-44.7131,22.38,99,100,0.54,BR,1635381005
thinadhoo,0.5333,72.9333,28.16,73,27,6.24,MV,1635381006
ayorou,14.7308,0.9174,30.4,24,24,2.89,NE,1635381007
yellowknife,62.456,-114.3525,3.56,99,90,2.06,CA,1635381008
port elizabeth,-33.918,25.5701,18.16,88,0,4.12,ZA,1635381008
narsaq,60.9167,-46.05,-0.88,61,14,3.2,GL,1635381009
inuvik,68.3499,-133.7218,-1.52,93,90,0.51,CA,1635381010
benguela,-12.5763,13.4055,22.62,78,100,1.43,AO,1635381010
calbuco,-41.768,-73.1273,11.56,88,0,2.33,CL,1635381011
karaton,-6.3424,106.1045,27.75,88,100,0.53,ID,1635381012
krasnoborsk,61.5598,45.934,2.38,95,100,4.02,RU,1635381013
provideniya,64.3833,-173.3,-5.94,58,90,3.0,RU,1635381013
vila franca do campo,37.7167,-25.4333,20.23,84,100,4.3,PT,1635381014
payakumbuh,-0.2202,100.6308,24.4,72,100,0.57,ID,1635381014
komsomolskiy,40.4272,71.7189,9.4,61,100,3.09,UZ,1635381015
ganzhou,28.8184,115.4327,19.32,61,74,1.37,CN,1635381015
yeniseysk,58.4497,92.1703,-3.21,80,13,3.32,RU,1635381016
talnakh,69.4865,88.3972,-22.41,99,97,2.44,RU,1635381016
kilindoni,-7.9139,39.6668,25.43,79,23,2.76,TZ,1635381017
ketchikan,55.3422,-131.6461,7.26,87,75,3.6,US,1635381017
syedove,47.0768,38.156,3.33,46,0,3.05,UA,1635381017
los llanos de aridane,28.6585,-17.9182,17.86,79,0,2.68,ES,1635381018
macon,39.8667,-88.9668,13.2,71,1,5.14,US,1635381018
coahuayana,18.7333,-103.6833,29.71,85,89,0.83,MX,1635381019
port macquarie,-31.4333,152.9167,27.72,59,61,4.87,AU,1635381019
mount gambier,-37.8333,140.7667,15.95,88,90,5.14,AU,1635380963
chuy,-33.6971,-53.4616,18.58,77,0,2.73,UY,1635381020
karaman,37.0833,33.25,9.19,46,92,1.12,TR,1635380832
jaisalmer,26.9147,70.9181,23.66,31,0,3.6,IN,1635381020
takoradi,4.8845,-1.7554,25.31,88,15,3.52,GH,1635380843
manjeshwar,12.7194,74.8861,25.53,86,100,2.27,IN,1635381021
iqaluit,63.7506,-68.5145,-2.15,86,75,1.34,CA,1635381021
henties bay,-22.116,14.2845,16.03,78,19,1.63,NA,1635381021
beloha,-25.1667,45.05,18.94,71,97,6.68,MG,1635381022
pavagada,14.1,77.2667,19.78,75,100,2.62,IN,1635381022
evensk,61.95,159.2333,-10.4,90,100,2.15,RU,1635381023
soavinandriana,-19.1667,46.7333,14.33,81,5,1.25,MG,1635381023
bredasdorp,-34.5322,20.0403,16.62,94,100,2.06,ZA,1635381023
severo-kurilsk,50.6789,156.125,6.64,90,87,4.05,RU,1635381024
siemiatycze,52.4272,22.8623,11.81,88,100,4.82,PL,1635381024
mazamari,-11.3258,-74.5308,24.24,68,90,0.66,PE,1635381025
chapais,49.7834,-74.8492,-0.12,79,18,2.28,CA,1635381025
vagur,61.4732,-6.8119,9.43,85,100,9.69,FO,1635381025
port augusta,-32.5,137.7667,31.5,24,0,14.47,AU,1635381026
bermeo,43.4209,-2.7215,13.93,68,66,2.3,ES,1635381026
klaksvik,62.2266,-6.589,7.51,80,90,8.02,FO,1635381027
half moon bay,37.4636,-122.4286,24.02,71,20,5.14,US,1635380951
mocuba,-16.8392,36.9856,22.06,85,82,3.12,MZ,1635381027
esperance,-33.8667,121.9,10.91,66,69,10.37,AU,1635381028
broken hill,-31.95,141.4333,32.85,25,71,12.9,AU,1635381029
kabanjahe,3.1001,98.4908,17.42,82,65,0.63,ID,1635381029
cabedelo,-6.9811,-34.8339,25.37,79,34,5.6,BR,1635381030
pauri,30.15,78.7833,8.96,62,0,2.21,IN,1635381030
opuwo,-18.0607,13.84,19.84,31,46,2.14,NA,1635380847
camacha,33.0833,-16.3333,18.42,82,20,1.54,PT,1635380991
necochea,-38.5473,-58.7368,21.69,73,0,5.21,AR,1635381031
brownfield,33.1812,-102.2744,18.95,21,0,4.42,US,1635381031
mandalgovi,45.7625,106.2708,2.78,42,0,3.57,MN,1635381032
lanchyn,48.5578,24.7562,5.75,73,98,1.77,UA,1635381032
bilibino,68.0546,166.4372,-25.61,96,37,0.96,RU,1635380975
nioro,13.35,-15.75,26.15,79,63,2.74,GM,1635380825
marrakesh,31.6315,-8.0083,18.04,68,40,2.06,MA,1635381033
bintulu,3.1667,113.0333,26.23,94,40,0.89,MY,1635381033
kodiak,57.79,-152.4072,4.96,66,78,3.08,US,1635381033
gazojak,41.1875,61.4036,5.4,79,100,3.89,TM,1635381034
kondopoga,62.2057,34.2614,3.82,98,100,2.35,RU,1635381034
vanimo,-2.6741,141.3028,28.66,75,43,2.28,PG,1635381035
ponta do sol,32.6667,-17.1,20.4,70,7,0.95,PT,1635380808
victoria,22.2855,114.1577,26.13,78,65,0.89,HK,1635381035
kinablangan,7.6947,126.5503,28.69,71,100,1.18,PH,1635381036
pernem,15.7167,73.8,22.88,64,90,2.54,IN,1635381036
uray,60.1247,64.7758,-0.68,97,100,4.51,RU,1635381037
kudahuvadhoo,2.6708,72.8944,27.35,76,95,4.15,MV,1635380834
sarab,38.6066,44.9883,4.65,41,0,0.65,IR,1635381037
great bend,38.3645,-98.7648,13.82,65,90,8.05,US,1635381038
torbay,47.6666,-52.7314,4.21,88,90,5.66,CA,1635381038
makakilo city,21.3469,-158.0858,28.67,59,75,4.63,US,1635381039
havre-saint-pierre,50.2334,-63.5986,6.0,93,1,2.57,CA,1635381039
ambilobe,-13.2,49.05,21.33,86,58,0.52,MG,1635381039
semporna,4.4818,118.6112,28.11,77,12,1.08,MY,1635381040
otradnoye,59.7775,30.8181,8.91,94,100,2.91,RU,1635381014
glendive,47.1053,-104.7125,11.35,71,20,3.6,US,1635381040
nuevo progreso,23.1667,-97.95,32.55,62,20,0.45,MX,1635381041
tiksi,71.6872,128.8694,-16.05,98,90,1.66,RU,1635381041
gornopravdinsk,60.05,69.9,-1.8,96,100,4.25,RU,1635380878
rockland,41.1668,-74.0496,14.56,74,100,3.33,US,1635381042
kloulklubed,7.0419,134.2556,30.28,70,100,3.95,PW,1635381042
lavrentiya,65.5833,-171.0,-9.08,73,90,3.44,RU,1635381043
ishigaki,24.3448,124.1572,24.07,60,20,4.12,JP,1635381043
longyearbyen,78.2186,15.6401,-6.09,68,75,3.09,SJ,1635381044
guerrero negro,27.9769,-114.0611,22.03,56,0,4.72,MX,1635381013
wenling,28.3669,121.36,18.84,74,99,2.89,CN,1635381044
aracaju,-10.9111,-37.0717,25.97,78,75,1.54,BR,1635381045
ostrovnoy,68.0531,39.5131,-0.8,65,89,5.49,RU,1635380748
nikolskoye,59.7035,30.7861,8.82,95,100,2.6,RU,1635380906
lithakia,37.7167,20.8333,9.65,65,12,3.39,GR,1635381045
acarau,-2.8856,-40.12,26.69,81,58,6.96,BR,1635381046
cabo san lucas,22.8909,-109.9124,29.17,66,40,2.06,MX,1635381046
mao,39.8885,4.2658,14.31,82,0,1.54,ES,1635381047
lagunas,-5.2269,-75.6753,24.09,84,100,1.27,PE,1635380872
olafsvik,64.8945,-23.7142,4.22,96,100,12.66,IS,1635380991
papara,-3.9839,-38.7273,27.22,86,31,2.32,BR,1635381047
saskylakh,71.9167,114.0833,-21.53,100,100,1.91,RU,1635380898
oeiras do para,-2.0031,-49.8544,23.71,93,96,1.61,BR,1635381048
yicheng,31.3705,119.8703,17.43,58,75,3.49,CN,1635381048
kavieng,-2.5744,150.7967,29.86,68,23,4.43,PG,1635381049
kiruna,67.8557,20.2251,-5.49,93,90,1.54,SE,1635381049
yushan,31.3776,120.9543,19.43,53,77,3.1,CN,1635381050
bethel,41.3712,-73.414,12.62,85,75,1.54,US,1635381050
sibu,2.3,111.8167,24.17,100,40,2.24,MY,1635381050
shenjiamen,29.9576,122.298,18.95,58,6,5.68,CN,1635381051
caninde,-4.3589,-39.3117,25.96,68,11,1.1,BR,1635381051
narrabri,-30.3167,149.7833,30.85,45,79,5.14,AU,1635381052
nishihara,26.1842,127.7558,24.6,59,40,4.12,JP,1635381052
ulladulla,-35.35,150.4667,27.65,35,83,2.32,AU,1635381052
adur,9.1667,76.7333,22.86,99,100,1.34,IN,1635381053
hamilton,39.1834,-84.5333,10.78,83,90,0.45,US,1635381053
lazaro cardenas,17.9583,-102.2,26.33,82,49,1.35,MX,1635381054
alofi,-19.0595,-169.9187,27.94,57,75,8.23,NU,1635381054
lasa,46.6166,10.7002,4.49,37,1,1.34,IT,1635380912
fort wellington,6.4,-57.6,25.93,85,11,4.7,GY,1635381055
baoro,5.6667,15.9667,19.54,96,82,0.36,CF,1635381055
grindavik,63.8424,-22.4338,3.26,81,0,4.63,IS,1635381055
dudinka,69.4058,86.1778,-23.97,100,89,0.87,RU,1635381056
sinnamary,5.3833,-52.95,25.49,88,14,3.45,GF,1635381056
maldonado,-34.6667,-54.9167,21.66,74,0,2.38,UY,1635381057
nakamura,32.9833,132.9333,19.76,46,0,1.52,JP,1635381057
sumbawanga,-7.9667,31.6167,16.14,59,5,2.27,TZ,1635381058
marzuq,14.4,46.4667,19.99,42,0,1.88,YE,1635381058
babu,24.4167,111.5167,19.18,74,92,1.44,CN,1635381059
xuddur,4.1213,43.8894,21.9,87,0,3.26,SO,1635381059
lagoa,39.05,-27.9833,19.64,74,100,10.63,PT,1635381059
mount isa,-20.7333,139.5,33.87,46,75,8.23,AU,1635381060
kosa,59.9445,54.9977,0.23,98,100,3.64,RU,1635381060
zhengjiatun,43.5064,123.5064,9.88,38,0,2.11,CN,1635381061
krasnoselkup,65.7,82.4667,-18.03,99,89,2.7,RU,1635381061
antofagasta,-23.65,-70.4,15.6,76,10,2.19,CL,1635380925
kerema,-7.9631,145.7785,29.23,73,100,2.73,PG,1635381062
pangnirtung,66.1451,-65.7125,-3.84,85,99,1.31,CA,1635381063
bergen,60.392,5.328,13.69,94,90,7.2,NO,1635381064
polis,35.0367,32.4264,18.9,77,100,1.73,CY,1635381064
tirano,46.2154,10.1679,11.45,73,0,1.09,IT,1635381065
sitka,57.0531,-135.33,6.94,81,90,8.75,US,1635380909
noumea,-22.2763,166.4572,27.99,99,59,6.01,NC,1635380832
petropavl,54.8753,69.1628,-0.4,54,100,5.97,KZ,1635381065
novobirilyussy,56.9514,90.6661,-2.72,67,50,3.19,RU,1635381066
zyryanka,65.75,150.85,-14.39,83,21,3.57,RU,1635381067
upernavik,72.7868,-56.1549,-6.32,81,29,2.38,GL,1635381067
ulsteinvik,62.3432,5.8487,12.07,84,100,4.47,NO,1635381068
port hardy,50.6996,-127.4199,10.1,87,75,3.09,CA,1635381068
sao joao da barra,-21.6403,-41.0511,23.02,89,29,5.1,BR,1635381068
wanning,18.8003,110.3967,25.44,90,100,5.11,CN,1635381069
salalah,17.0151,54.0924,23.05,49,0,1.03,OM,1635381069
hirara,24.8,125.2833,24.92,64,40,5.14,JP,1635381069
tuatapere,-46.1333,167.6833,19.39,55,0,1.62,NZ,1635381070
zaranj,30.9667,61.8833,12.98,49,5,6.15,AF,1635381070
giovinazzo,41.1864,16.6674,15.71,80,20,3.6,IT,1635381071
khasan,42.4308,130.6434,10.52,46,0,8.95,RU,1635381071
elizabeth city,36.2946,-76.2511,20.03,87,75,0.0,US,1635380886
saint-philippe,-21.3585,55.7679,20.77,78,29,2.59,RE,1635380890
ponta delgada,37.7333,-25.6667,20.4,77,40,6.17,PT,1635381072
russell,32.3502,-85.1999,18.57,84,1,2.06,US,1635381024
labuhan,-6.8844,112.2051,28.34,76,97,3.11,ID,1635381073
kirakira,-10.4544,161.9205,29.26,73,96,3.38,SB,1635381073
namatanai,-3.6667,152.4333,30.31,64,38,1.94,PG,1635381074
muros,42.7762,-9.0603,14.91,83,15,3.23,ES,1635381074
tongren,27.7172,109.1853,15.9,78,100,1.07,CN,1635381075
les cayes,18.2,-73.75,25.6,81,85,1.66,HT,1635381075
padilla,3.2204,-76.3139,23.76,92,98,0.99,CO,1635381075
hambantota,6.1241,81.1185,24.19,100,100,2.06,LK,1635380821
sulangan,11.1373,123.7228,27.75,77,85,3.63,PH,1635381076
dunedin,-45.8742,170.5036,15.91,74,3,6.9,NZ,1635381076
rostovka,55.3842,71.8891,-0.7,57,97,5.16,RU,1635381077
ganta,7.3022,-8.5308,20.72,98,92,0.68,LR,1635381077
krutinka,56.0055,71.5113,-0.24,63,99,6.16,RU,1635381078
mayo,38.8876,-76.5119,18.3,82,1,0.89,US,1635381078
ugoofaaru,5.6667,73.0,27.0,76,71,3.27,MV,1635381079
shu,43.5983,73.7614,10.47,59,100,2.58,KZ,1635381079
marietta,33.9526,-84.5499,17.45,64,20,4.12,US,1635381079
waingapu,-9.6567,120.2641,30.98,62,61,4.47,ID,1635381080
lorengau,-2.0226,147.2712,28.98,73,100,2.62,PG,1635381080
margate,51.3813,1.3862,13.82,84,26,0.89,GB,1635381056
namibe,-15.1961,12.1522,19.45,68,77,4.16,AO,1635381081
mandera,3.9366,41.867,25.92,70,17,6.65,KE,1635381081
yar-sale,66.8333,70.8333,-9.72,90,100,4.54,RU,1635381082
ziro,27.6333,93.8333,7.41,82,0,1.23,IN,1635381082
ahuimanu,21.4447,-157.8378,28.84,63,75,5.14,US,1635381083
livingston,55.9029,-3.5226,12.49,98,40,3.09,GB,1635381083
hagere selam,6.4833,38.5167,9.4,97,100,1.43,ET,1635381084
cuamba,-14.8031,36.5372,20.73,78,59,3.03,MZ,1635381084
ejido,8.5514,-71.2375,20.53,93,100,1.75,VE,1635381084
karimnagar,18.4333,79.15,18.91,70,52,2.56,IN,1635381085
taunggyi,20.7833,97.0333,17.53,92,17,0.16,MM,1635381085
san carlos de bariloche,-41.1456,-71.3082,14.86,31,0,5.14,AR,1635381086
winnemucca,40.973,-117.7357,17.03,51,1,3.6,US,1635381086
saint-denis,48.9167,2.3333,11.17,88,0,2.57,FR,1635381086
ust-tsilma,65.441,52.1498,-4.78,95,100,3.49,RU,1635381087
finschhafen,-6.6024,147.8681,29.92,66,100,4.56,PG,1635381087
zhigansk,66.7697,123.3711,-6.16,94,100,10.76,RU,1635381088
bulgan,48.8125,103.5347,3.08,40,7,0.99,MN,1635381088
bara,10.3744,10.7288,25.67,43,51,0.09,NG,1635381088
vardo,70.3705,31.1107,1.44,53,99,6.65,NO,1635381089
doha,25.2867,51.5333,24.99,61,0,2.06,QA,1635380812
edd,13.9297,41.6925,30.35,34,5,7.12,ER,1635381090
la rochelle,46.1667,-1.15,9.04,87,0,2.57,FR,1635381090
chinhoyi,-17.3667,30.2,19.17,66,53,3.67,ZW,1635381090
sikasso,10.9167,-7.0,26.05,72,100,3.21,ML,1635381091
kamenka,51.3223,42.7678,1.95,58,86,3.68,RU,1635381091
benemerito de las americas,16.5167,-90.6439,26.5,82,22,0.32,MX,1635381092
taitung,22.7583,121.1444,23.15,78,75,3.09,TW,1635381092
bengkulu,-3.8004,102.2655,25.8,79,100,1.56,ID,1635381093
rocha,-34.4833,-54.3333,18.58,74,0,1.84,UY,1635380966
hirado,33.3597,129.5531,17.64,50,5,6.0,JP,1635381093
mantua,45.1667,10.7833,10.39,68,14,2.09,IT,1635381094
vila velha,-20.3297,-40.2925,24.97,83,75,3.09,BR,1635381094
paamiut,61.994,-49.6678,-0.74,69,100,5.98,GL,1635381094
lexington,37.9887,-84.4777,11.1,75,1,1.34,US,1635380940
gamba,-2.65,10.0,23.53,91,100,1.93,GA,1635380922
laguna,38.421,-121.4238,23.13,68,1,2.24,US,1635380939
saldanha,-33.0117,17.9442,16.03,97,20,4.3,ZA,1635381095
sisimiut,66.9395,-53.6735,-4.25,70,100,2.67,GL,1635381096
keskin,39.6731,33.6136,7.26,50,50,1.32,TR,1635381096
swan hill,-35.3378,143.5544,32.34,20,5,5.31,AU,1635381097
fukue,32.6881,128.8419,20.2,60,20,4.12,JP,1635381097
goba,7.0167,39.9833,9.45,91,57,1.38,ET,1635381098
airai,-8.9266,125.4092,23.84,51,97,1.37,TL,1635381098
kenai,60.5544,-151.2583,3.38,56,20,0.0,US,1635381098
zhangye,38.9342,100.4517,7.29,39,77,0.65,CN,1635381099
kaliganj,23.4095,89.1402,23.68,86,86,2.5,BD,1635381099
neuquen,-38.9516,-68.0591,24.94,47,100,0.0,AR,1635381100
iskateley,67.6803,53.1512,-6.72,86,100,4.62,RU,1635381101
seymchan,62.8833,152.4333,-14.01,81,30,1.23,RU,1635381101
garowe,8.4054,48.4845,22.76,78,5,4.32,SO,1635381101
haimen,23.1935,116.6142,23.94,75,68,8.11,CN,1635381102
hasaki,35.7333,140.8333,18.16,60,100,7.91,JP,1635381102
flin flon,54.7682,-101.865,6.25,87,100,1.58,CA,1635381102
champerico,14.3,-91.9167,30.19,80,53,2.91,GT,1635381103
mendoza,-32.8908,-68.8272,27.74,39,0,1.54,AR,1635381103
kottagudem,17.55,80.6333,21.12,84,87,1.45,IN,1635381104
zalantun,48.0,122.7167,6.12,44,14,1.1,CN,1635381104
ancud,-41.8697,-73.8203,11.74,92,0,2.17,CL,1635381105
lokosovo,61.1333,74.8167,-7.35,92,75,3.04,RU,1635380911
oussouye,12.485,-16.5469,28.1,78,100,1.98,SN,1635381106
chumikan,54.7183,135.315,3.32,72,10,6.73,RU,1635381106
cape canaveral,28.4058,-80.6048,24.04,75,1,0.0,US,1635381106
tezu,27.9167,96.1667,20.23,56,8,1.34,IN,1635381107
high rock,26.6208,-78.2833,24.01,62,81,2.65,BS,1635381107
kahului,20.8947,-156.47,29.43,67,20,11.32,US,1635380998
beberibe,-4.1797,-38.1306,28.02,81,65,6.44,BR,1635381108
zemio,5.0314,25.1361,21.14,89,93,0.82,CF,1635381108
derbent,42.0678,48.2899,9.48,72,0,2.24,RU,1635381109
the valley,18.217,-63.0578,27.92,63,0,2.32,AI,1635381109
guanica,17.9716,-66.908,27.73,79,2,1.34,PR,1635381110
batagay,67.6333,134.6333,-11.53,96,100,1.33,RU,1635381110
odessa,46.4775,30.7326,3.96,93,0,2.0,UA,1635381111
okha,53.5739,142.9478,5.06,85,100,5.5,RU,1635381111
talara,-4.5772,-81.2719,18.45,89,100,6.54,PE,1635381111
ikom,5.9667,8.7063,22.86,98,93,0.98,NG,1635381112
ampanihy,-24.7,44.75,18.67,76,84,6.98,MG,1635381112
goderich,43.7501,-81.7165,11.06,93,6,1.54,CA,1635381113
capitao poco,-1.7464,-47.0594,23.34,92,60,2.02,BR,1635381113
samarai,-10.6167,150.6667,28.54,71,99,5.13,PG,1635381113
marawi,7.9986,124.2928,20.92,72,87,1.04,PH,1635381114
dimitrovgrad,54.2139,49.6184,5.03,64,100,5.78,RU,1635381114
zarya,55.7553,38.0958,6.29,89,100,4.52,RU,1635381115
ust-kuyga,70.0167,135.6,-16.35,100,95,0.6,RU,1635381115
semnan,35.5729,53.3971,8.34,58,34,0.26,IR,1635381115
plettenberg bay,-34.0527,23.3716,18.88,89,100,2.06,ZA,1635381116
tashtyp,52.7939,89.8983,-2.03,89,100,1.33,RU,1635381116
mumford,5.2618,-0.759,25.42,86,16,2.41,GH,1635381117
zambezi,-13.5432,23.1047,22.41,56,96,1.53,ZM,1635381117
praya,14.9215,-23.5087,26.3,78,75,8.23,CV,1635381117
chumphon,10.3333,98.8333,22.06,85,100,0.41,TH,1635381118
betong,5.7743,101.0723,22.62,99,100,0.89,TH,1635381118
molina,-35.1167,-71.2833,23.85,31,83,2.06,CL,1635381118
vilyuysk,63.7553,121.6247,-2.7,78,90,5.94,RU,1635381119
makat,47.6469,53.3463,0.52,76,5,2.94,KZ,1635381119
redlands,34.0556,-117.1825,29.17,31,0,1.69,US,1635380953
nova zagora,42.4833,26.0167,4.15,78,0,1.12,BG,1635381120
presidencia roque saenz pena,-26.7852,-60.4388,28.25,35,86,5.59,AR,1635381120
bakchar,57.0186,82.0711,-3.28,76,96,2.59,RU,1635381121
sobolevo,54.4299,31.8996,7.57,93,100,7.39,RU,1635381122
kabo,7.6994,18.629,22.46,91,96,1.32,CF,1635381123
staryy nadym,65.6118,72.6842,-10.11,86,100,5.21,RU,1635381123
kruisfontein,-34.0033,24.7314,16.86,89,100,2.94,ZA,1635380923
bol,13.4586,14.7147,27.94,40,99,4.47,TD,1635381124
middleton,53.55,-2.2,15.62,82,96,7.78,GB,1635381024
atambua,-9.1061,124.8925,29.75,53,100,1.17,ID,1635381124
ayan,56.45,138.1667,2.86,71,13,2.5,RU,1635381125
antalaha,-14.9003,50.2788,21.76,83,46,1.18,MG,1635381125
amazar,53.858,120.875,2.17,63,100,1.11,RU,1635381054
kokkola,63.8385,23.1307,5.28,90,90,0.89,FI,1635381126
gisors,49.2818,1.7801,11.08,82,9,2.53,FR,1635381126
crotone,39.0851,17.1178,16.05,76,3,6.7,IT,1635381126
port blair,11.6667,92.75,27.02,83,40,2.57,IN,1635381127
pingdingshan,33.7385,113.3012,14.19,48,98,1.25,CN,1635380913
bambanglipuro,-7.95,110.2833,27.76,78,96,2.5,ID,1635381127
luis correia,-2.8792,-41.6669,26.77,80,62,6.11,BR,1635381128
karasjok,69.4719,25.5112,-3.94,95,100,2.37,NO,1635381128
bull savanna,17.8868,-77.5902,24.95,82,16,3.44,JM,1635381128
nichinan,31.6,131.3667,15.82,52,0,2.89,JP,1635381129
vaitape,-16.5167,-151.75,26.37,79,32,4.35,PF,1635381129
balkanabat,39.5108,54.3671,7.56,73,0,2.25,TM,1635381130
nantucket,41.2835,-70.0995,10.64,91,100,19.3,US,1635380910
olenino,56.2092,33.4889,6.59,93,100,6.46,RU,1635381130
linxi,39.7,118.4333,12.91,40,100,1.73,CN,1635381131
taoudenni,22.6783,-3.9836,29.6,18,100,6.89,ML,1635381131
gambela,8.25,34.5833,21.23,86,77,1.71,ET,1635381132
minuri,16.535,121.8574,22.49,96,100,1.25,PH,1635381132
bima,-8.4667,118.7167,32.58,55,18,1.42,ID,1635381133
colares,38.7992,-9.4469,18.21,51,0,1.34,PT,1635381133
gainesville,29.6516,-82.3248,19.28,64,1,0.0,US,1635381129
paranavai,-23.0731,-52.4653,25.67,84,100,4.39,BR,1635381134
aykhal,66.0,111.5,-9.21,91,100,10.5,RU,1635381135
walvis bay,-22.9575,14.5053,16.16,88,82,1.54,NA,1635381135
moramanga,-18.9333,48.2,15.5,89,14,1.33,MG,1635381135
ewa beach,21.3156,-158.0072,29.45,58,75,5.14,US,1635380962
coihaique,-45.5752,-72.0662,13.97,47,75,3.6,CL,1635380955
mirnyy,62.5353,113.9611,-6.39,80,100,7.32,RU,1635381136
buala,-8.145,159.5921,30.42,63,38,2.61,SB,1635381137
axim,4.8699,-2.2405,24.92,90,17,2.58,GH,1635381137
kadhan,24.481,68.9859,25.33,30,0,2.85,PK,1635381137
chillicothe,39.3331,-82.9824,11.07,82,90,1.54,US,1635381018
mufulira,-12.5498,28.2407,19.94,66,5,3.3,ZM,1635381138
macau,22.2006,113.5461,25.99,83,75,4.63,MO,1635381138
nisko,50.5199,22.1397,7.7,85,86,1.34,PL,1635381139
shaunavon,49.6501,-108.4181,9.88,35,1,9.14,CA,1635381139
loviisa,60.4566,26.2251,7.47,85,100,5.57,FI,1635381139
soe,-9.8607,124.284,28.28,46,100,2.68,ID,1635381140
ust-kut,56.7938,105.7672,-2.07,60,65,3.45,RU,1635381140
sayyan,15.1718,44.3244,11.23,34,4,1.6,YE,1635381141
port hedland,-20.3167,118.5667,28.03,32,0,2.06,AU,1635380966
atar,20.5169,-13.0499,26.14,48,100,2.45,MR,1635381141
treinta y tres,-33.2333,-54.3833,20.17,74,0,3.69,UY,1635381142
kobryn,52.2138,24.3564,7.93,85,100,4.87,BY,1635381142
tazovskiy,67.4667,78.7,-17.04,97,77,2.1,RU,1635380892
banda aceh,5.5577,95.3222,26.78,77,71,1.59,ID,1635381143
miraflores,19.2167,-98.8083,23.35,87,14,1.66,MX,1635381143
guanay,-15.4975,-67.8797,26.05,54,91,0.77,BO,1635381143
bahia blanca,-38.7196,-62.2724,23.23,33,77,3.2,AR,1635381121
tambacounda,13.7539,-13.7586,27.03,89,0,2.06,SN,1635381144
araouane,18.9048,-3.5265,30.09,19,69,3.14,ML,1635381144
belmonte,-15.8631,-38.8828,25.28,87,0,3.3,BR,1635381145
pozo colorado,-23.4923,-58.7972,25.02,40,15,2.94,PY,1635381145
gua musang,4.8823,101.9644,25.06,93,80,0.47,MY,1635381145
shingu,33.7333,135.9833,19.55,49,0,1.93,JP,1635381146
sao felix do xingu,-6.6447,-51.995,23.9,80,37,0.62,BR,1635381146
adrar,20.5022,-10.0711,21.77,52,74,3.79,MR,1635381147
copiapo,-27.3667,-70.3333,11.83,49,5,0.68,CL,1635381147
meulaboh,4.1363,96.1285,24.25,88,98,1.65,ID,1635380979
verkh-usugli,52.7,115.1667,1.89,64,30,0.48,RU,1635381148
korla,41.7597,86.1469,7.56,46,6,1.15,CN,1635380951
andenes,69.3143,16.1194,2.99,65,100,11.83,NO,1635381148
brainerd,46.358,-94.2008,8.14,93,90,1.54,US,1635381149
anadyr,64.75,177.4833,-18.72,84,0,3.0,RU,1635381149
basoko,1.2391,23.616,20.93,96,25,1.15,CD,1635381150
bilma,18.6853,12.9164,26.28,17,0,1.33,NE,1635380949
srednekolymsk,67.45,153.6833,-17.74,91,32,0.92,RU,1635381150
zhovtneve,50.6637,24.2492,6.23,84,67,3.54,UA,1635381151
bubaque,11.2833,-15.8333,27.7,77,72,3.13,GW,1635381151
maningrida,-12.0667,134.2667,32.78,53,60,3.97,AU,1635381083
marabba,12.35,32.1833,26.17,63,24,2.83,SD,1635381152
thanh hoa,19.8,105.7667,21.85,87,100,2.97,VN,1635380928
magnor,59.9511,12.1996,11.9,95,100,4.55,SE,1635381153
zhezkazgan,47.8043,67.7144,-1.32,34,1,2.77,KZ,1635381153
louga,58.7372,29.8453,9.64,82,99,5.84,RU,1635381154
hofn,64.2539,-15.2082,3.01,87,90,1.54,IS,1635381154
dalvik,65.9702,-18.5286,0.96,99,100,2.84,IS,1635381154
bykovo,55.6361,38.0803,6.42,87,75,4.0,RU,1635381155
miri,4.4148,114.0089,26.08,89,40,1.03,MY,1635381155
christchurch,-43.5333,172.6333,18.3,76,90,0.89,NZ,1635381156
bairiki,1.3292,172.9752,30.0,66,75,3.6,KI,1635381156
santana do matos,-5.9575,-36.6556,25.88,64,5,7.55,BR,1635381156
sola,-13.8833,167.55,27.37,65,90,0.0,VU,1635381157
praia da vitoria,38.7333,-27.0667,19.14,82,40,4.75,PT,1635381157
bikin,46.8161,134.26,6.43,67,5,4.34,RU,1635381131
isangel,-19.55,169.2667,29.06,74,100,2.06,VU,1635381158
kodarma,24.4667,85.6,17.91,71,0,1.49,IN,1635381158
dingle,10.9995,122.6711,27.98,81,100,4.8,PH,1635381158
middelburg,-25.7751,29.4648,15.66,74,100,2.87,ZA,1635381159
tevriz,57.509,72.4042,-0.46,82,100,3.49,RU,1635381159
brownsville,25.9018,-97.4975,28.28,57,1,0.89,US,1635381160
nistoresti,45.8333,26.7333,5.48,63,24,1.92,RO,1635381160
farafangana,-22.8167,47.8333,21.71,92,32,3.14,MG,1635381160
abaete,-19.16,-45.4458,24.92,60,98,3.6,BR,1635381161
rognedino,53.8015,33.5576,6.15,90,100,6.8,RU,1635381161
cheney,47.4874,-117.5758,10.97,66,90,5.66,US,1635381162
terme,41.2092,36.9739,13.31,81,100,0.47,TR,1635381162
tecpan,14.7623,-90.9947,17.42,98,97,1.24,GT,1635381162
findlay,41.0442,-83.6499,11.41,82,90,3.09,US,1635381107
tanout,14.9709,8.8879,28.6,13,6,3.81,NE,1635381163
tabuk,17.4189,121.4443,24.4,83,99,2.55,PH,1635381015
port moresby,-9.4431,147.1797,31.68,66,40,5.14,PG,1635381164
dakor,22.75,73.15,22.01,64,0,4.06,IN,1635381164
newton,42.337,-71.2092,10.98,90,90,0.89,US,1635381164
deori khas,23.4,79.0167,15.72,58,0,1.44,IN,1635381165
